url,timestamp_added
https://www.leboncoin.fr/ventes_immobilieres/1548434723.htm/,NA
https://www.leboncoin.fr/ventes_immobilieres/1634197124.htm/,NA
https://www.leboncoin.fr/ventes_immobilieres/1635225898.htm/,NA
https://www.leboncoin.fr/ventes_immobilieres/1638636482.htm/,NA
https://www.leboncoin.fr/ventes_immobilieres/1586418807.htm/,NA
https://www.leboncoin.fr/ventes_immobilieres/1586418779.htm/,NA
https://www.leboncoin.fr/ventes_immobilieres/1627547549.htm/,NA
https://www.leboncoin.fr/ventes_immobilieres/1608048406.htm/,NA
https://www.leboncoin.fr/ventes_immobilieres/1649844373.htm/,NA
https://www.leboncoin.fr/ventes_immobilieres/1603178566.htm/,NA
https://www.leboncoin.fr/ventes_immobilieres/1608914181.htm/,NA
https://www.leboncoin.fr/ventes_immobilieres/1632753838.htm/,NA
https://www.leboncoin.fr/ventes_immobilieres/1633877676.htm/,NA
https://www.leboncoin.fr/ventes_immobilieres/1634197073.htm/,NA
https://www.leboncoin.fr/ventes_immobilieres/1635464871.htm/,NA
https://www.leboncoin.fr/ventes_immobilieres/1554887038.htm/,NA
https://www.leboncoin.fr/ventes_immobilieres/1633221369.htm/,NA
https://www.leboncoin.fr/ventes_immobilieres/1582257389.htm/,NA
https://www.leboncoin.fr/ventes_immobilieres/1640445939.htm/,NA
https://www.leboncoin.fr/ventes_immobilieres/1634845386.htm/,NA
https://www.leboncoin.fr/ventes_immobilieres/1641201299.htm/,NA
https://www.leboncoin.fr/ventes_immobilieres/1641719397.htm/,NA
https://www.leboncoin.fr/ventes_immobilieres/1643030231.htm/,NA
https://www.leboncoin.fr/ventes_immobilieres/1643030362.htm/,NA
https://www.leboncoin.fr/ventes_immobilieres/1631876540.htm/,NA
https://www.leboncoin.fr/ventes_immobilieres/1644557047.htm/,NA
https://www.leboncoin.fr/ventes_immobilieres/1645172571.htm/,NA
https://www.leboncoin.fr/ventes_immobilieres/1588003595.htm/,NA
https://www.leboncoin.fr/ventes_immobilieres/1588204762.htm/,NA
https://www.leboncoin.fr/ventes_immobilieres/1610032515.htm/,NA
https://www.leboncoin.fr/ventes_immobilieres/1610032523.htm/,NA
https://www.leboncoin.fr/ventes_immobilieres/1464422097.htm/,NA
https://www.leboncoin.fr/ventes_immobilieres/1619919993.htm/,NA
https://www.leboncoin.fr/ventes_immobilieres/1588104444.htm/,NA
https://www.leboncoin.fr/ventes_immobilieres/1516052043.htm/,NA
https://www.leboncoin.fr/ventes_immobilieres/1639200312.htm/,NA
https://www.leboncoin.fr/ventes_immobilieres/1620513213.htm/,NA
https://www.leboncoin.fr/ventes_immobilieres/1649844878.htm/,NA
https://www.leboncoin.fr/ventes_immobilieres/1649844524.htm/,NA
https://www.leboncoin.fr/ventes_immobilieres/1649844915.htm/,NA
https://www.leboncoin.fr/ventes_immobilieres/1649844633.htm/,NA
https://www.leboncoin.fr/ventes_immobilieres/1649844566.htm/,NA
https://www.leboncoin.fr/ventes_immobilieres/1645049406.htm/,NA
https://www.leboncoin.fr/ventes_immobilieres/1626062143.htm/,NA
https://www.leboncoin.fr/ventes_immobilieres/1595348898.htm/,NA
https://www.leboncoin.fr/ventes_immobilieres/1639940095.htm/,NA
https://www.leboncoin.fr/ventes_immobilieres/1626524248.htm/,NA
https://www.leboncoin.fr/ventes_immobilieres/1631171272.htm/,NA
https://www.leboncoin.fr/ventes_immobilieres/1564273168.htm/,NA
https://www.leboncoin.fr/ventes_immobilieres/1626748123.htm/,NA
https://www.leboncoin.fr/ventes_immobilieres/1528309120.htm/,NA
https://www.leboncoin.fr/ventes_immobilieres/1642736303.htm/,NA
https://www.leboncoin.fr/ventes_immobilieres/1646554955.htm/,NA
https://www.leboncoin.fr/ventes_immobilieres/1620933116.htm/,NA
https://www.leboncoin.fr/ventes_immobilieres/1647939395.htm/,NA
https://www.leboncoin.fr/ventes_immobilieres/1647590207.htm/,NA
https://www.leboncoin.fr/ventes_immobilieres/1648018531.htm/,NA
https://www.leboncoin.fr/ventes_immobilieres/1643612887.htm/,NA
https://www.leboncoin.fr/ventes_immobilieres/1631420750.htm/,NA
https://www.leboncoin.fr/ventes_immobilieres/1638727715.htm/,NA
https://www.leboncoin.fr/ventes_immobilieres/1522870634.htm/,NA
https://www.leboncoin.fr/ventes_immobilieres/1583444400.htm/,NA
https://www.leboncoin.fr/ventes_immobilieres/1641868218.htm/,NA
https://www.leboncoin.fr/ventes_immobilieres/1616585332.htm/,NA
https://www.leboncoin.fr/ventes_immobilieres/1644719906.htm/,NA
https://www.leboncoin.fr/ventes_immobilieres/1644719904.htm/,NA
https://www.leboncoin.fr/ventes_immobilieres/1646515121.htm/,NA
https://www.leboncoin.fr/ventes_immobilieres/1635498719.htm/,NA
https://www.leboncoin.fr/ventes_immobilieres/1551225408.htm/,NA
https://www.leboncoin.fr/ventes_immobilieres/1643615125.htm/,NA
https://www.leboncoin.fr/ventes_immobilieres/1626401611.htm/,NA
https://www.leboncoin.fr/ventes_immobilieres/1637781985.htm/,NA
https://www.leboncoin.fr/ventes_immobilieres/1635390111.htm/,NA
https://www.leboncoin.fr/ventes_immobilieres/1631544767.htm/,NA
https://www.leboncoin.fr/ventes_immobilieres/1643952501.htm/,NA
https://www.leboncoin.fr/ventes_immobilieres/1644463873.htm/,NA
https://www.leboncoin.fr/ventes_immobilieres/1588407317.htm/,NA
https://www.leboncoin.fr/ventes_immobilieres/1483096950.htm/,NA
https://www.leboncoin.fr/ventes_immobilieres/1618184194.htm/,NA
https://www.leboncoin.fr/ventes_immobilieres/1561659278.htm/,NA
https://www.leboncoin.fr/ventes_immobilieres/1579970062.htm/,NA
https://www.leboncoin.fr/ventes_immobilieres/1597339916.htm/,NA
https://www.leboncoin.fr/ventes_immobilieres/1563733669.htm/,NA
https://www.leboncoin.fr/ventes_immobilieres/1647199271.htm/,NA
https://www.leboncoin.fr/ventes_immobilieres/1641095036.htm/,NA
https://www.leboncoin.fr/ventes_immobilieres/1621387209.htm/,NA
https://www.leboncoin.fr/ventes_immobilieres/1621350317.htm/,NA
https://www.leboncoin.fr/ventes_immobilieres/1530899168.htm/,NA
https://www.leboncoin.fr/ventes_immobilieres/1612283075.htm/,NA
https://www.leboncoin.fr/ventes_immobilieres/1633877653.htm/,NA
https://www.leboncoin.fr/ventes_immobilieres/1625067717.htm/,NA
https://www.leboncoin.fr/ventes_immobilieres/1625260030.htm/,NA
https://www.leboncoin.fr/ventes_immobilieres/1622061104.htm/,NA
https://www.leboncoin.fr/ventes_immobilieres/1648457529.htm/,NA
https://www.leboncoin.fr/ventes_immobilieres/1564809384.htm/,NA
https://www.leboncoin.fr/ventes_immobilieres/1616703617.htm/,NA
https://www.leboncoin.fr/ventes_immobilieres/1596936059.htm/,NA
https://www.leboncoin.fr/ventes_immobilieres/1520094797.htm/,NA
https://www.leboncoin.fr/ventes_immobilieres/1616207727.htm/,NA
https://www.leboncoin.fr/ventes_immobilieres/1649473696.htm/,NA
https://www.leboncoin.fr/ventes_immobilieres/1623366678.htm/,NA
https://www.leboncoin.fr/ventes_immobilieres/1649407783.htm/,NA
https://www.leboncoin.fr/ventes_immobilieres/1622344325.htm/,NA
https://www.leboncoin.fr/ventes_immobilieres/1639972441.htm/,NA
https://www.leboncoin.fr/ventes_immobilieres/1628575565.htm/,NA
https://www.leboncoin.fr/ventes_immobilieres/1616197111.htm/,NA
https://www.leboncoin.fr/ventes_immobilieres/1644535088.htm/,NA
https://www.leboncoin.fr/ventes_immobilieres/1617909145.htm/,NA
https://www.leboncoin.fr/ventes_immobilieres/1647397282.htm/,NA
https://www.leboncoin.fr/ventes_immobilieres/1648172500.htm/,NA
https://www.leboncoin.fr/ventes_immobilieres/1639972364.htm/,NA
https://www.leboncoin.fr/ventes_immobilieres/1619906445.htm/,NA
https://www.leboncoin.fr/ventes_immobilieres/1640984941.htm/,NA
https://www.leboncoin.fr/ventes_immobilieres/1641127406.htm/,NA
https://www.leboncoin.fr/ventes_immobilieres/1609642212.htm/,NA
https://www.leboncoin.fr/ventes_immobilieres/1626967711.htm/,NA
https://www.leboncoin.fr/ventes_immobilieres/1594992807.htm/,NA
https://www.leboncoin.fr/ventes_immobilieres/1580382315.htm/,NA
https://www.leboncoin.fr/ventes_immobilieres/1643513493.htm/,NA
https://www.leboncoin.fr/ventes_immobilieres/1643949971.htm/,NA
https://www.leboncoin.fr/ventes_immobilieres/1644141032.htm/,NA
https://www.leboncoin.fr/ventes_immobilieres/1612757792.htm/,NA
https://www.leboncoin.fr/ventes_immobilieres/1644950857.htm/,NA
https://www.leboncoin.fr/ventes_immobilieres/1645050783.htm/,NA
https://www.leboncoin.fr/ventes_immobilieres/1561633489.htm/,NA
https://www.leboncoin.fr/ventes_immobilieres/1647199193.htm/,NA
https://www.leboncoin.fr/ventes_immobilieres/1647186262.htm/,NA
https://www.leboncoin.fr/ventes_immobilieres/1621372924.htm/,NA
https://www.leboncoin.fr/ventes_immobilieres/1641417537.htm/,NA
https://www.leboncoin.fr/ventes_immobilieres/1647565130.htm/,NA
https://www.leboncoin.fr/ventes_immobilieres/1648031404.htm/,NA
https://www.leboncoin.fr/ventes_immobilieres/1648031158.htm/,NA
https://www.leboncoin.fr/ventes_immobilieres/1648056632.htm/,NA
https://www.leboncoin.fr/ventes_immobilieres/1648094862.htm/,NA
https://www.leboncoin.fr/ventes_immobilieres/1648246856.htm/,NA
https://www.leboncoin.fr/ventes_immobilieres/1565959477.htm/,NA
https://www.leboncoin.fr/ventes_immobilieres/1648941195.htm/,NA
https://www.leboncoin.fr/ventes_immobilieres/1647748872.htm/,NA
https://www.leboncoin.fr/ventes_immobilieres/1649474584.htm/,NA
https://www.leboncoin.fr/ventes_immobilieres/1649292817.htm/,NA
https://www.leboncoin.fr/ventes_immobilieres/1621059082.htm/,NA
https://www.leboncoin.fr/ventes_immobilieres/1592110655.htm/,NA
https://www.leboncoin.fr/ventes_immobilieres/1627808493.htm/,NA
https://www.leboncoin.fr/ventes_immobilieres/1650063789.htm/,NA
https://www.leboncoin.fr/ventes_immobilieres/1584332266.htm/,NA
https://www.leboncoin.fr/ventes_immobilieres/1584332161.htm/,NA
https://www.leboncoin.fr/ventes_immobilieres/1451624553.htm/,NA
https://www.leboncoin.fr/ventes_immobilieres/1588402345.htm/,NA
https://www.leboncoin.fr/ventes_immobilieres/1577024164.htm/,NA
https://www.leboncoin.fr/ventes_immobilieres/1633865664.htm/,NA
https://www.leboncoin.fr/ventes_immobilieres/1640190661.htm/,NA
https://www.leboncoin.fr/ventes_immobilieres/1610539138.htm/,NA
https://www.leboncoin.fr/ventes_immobilieres/1643066230.htm/,NA
https://www.leboncoin.fr/ventes_immobilieres/1643203070.htm/,NA
https://www.leboncoin.fr/ventes_immobilieres/1644713599.htm/,NA
https://www.leboncoin.fr/ventes_immobilieres/1618169085.htm/,NA
https://www.leboncoin.fr/ventes_immobilieres/1645448617.htm/,NA
https://www.leboncoin.fr/ventes_immobilieres/1646869873.htm/,NA
https://www.leboncoin.fr/ventes_immobilieres/1597401617.htm/,NA
https://www.leboncoin.fr/ventes_immobilieres/1647682460.htm/,NA
https://www.leboncoin.fr/ventes_immobilieres/1647907430.htm/,NA
https://www.leboncoin.fr/ventes_immobilieres/1642876127.htm/,NA
https://www.leboncoin.fr/ventes_immobilieres/1638892928.htm/,NA
https://www.leboncoin.fr/ventes_immobilieres/1627210906.htm/,NA
https://www.leboncoin.fr/ventes_immobilieres/1582364825.htm/,NA
https://www.leboncoin.fr/ventes_immobilieres/1636089227.htm/,NA
https://www.leboncoin.fr/ventes_immobilieres/1339793844.htm/,NA
https://www.leboncoin.fr/ventes_immobilieres/1593048220.htm/,NA
https://www.leboncoin.fr/ventes_immobilieres/1627729982.htm/,NA
https://www.leboncoin.fr/ventes_immobilieres/1550662176.htm/,NA
https://www.leboncoin.fr/ventes_immobilieres/1554199345.htm/,NA
https://www.leboncoin.fr/ventes_immobilieres/1554199263.htm/,NA
https://www.leboncoin.fr/ventes_immobilieres/1635396169.htm/,NA
https://www.leboncoin.fr/ventes_immobilieres/1620932918.htm/,NA
https://www.leboncoin.fr/ventes_immobilieres/1532915587.htm/,NA
https://www.leboncoin.fr/ventes_immobilieres/1640513422.htm/,NA
https://www.leboncoin.fr/ventes_immobilieres/1640513408.htm/,NA
https://www.leboncoin.fr/ventes_immobilieres/1644169394.htm/,NA
https://www.leboncoin.fr/ventes_immobilieres/1508994061.htm/,NA
https://www.leboncoin.fr/ventes_immobilieres/1619303257.htm/,NA
https://www.leboncoin.fr/ventes_immobilieres/1609120097.htm/,NA
https://www.leboncoin.fr/ventes_immobilieres/1638513917.htm/,NA
https://www.leboncoin.fr/ventes_immobilieres/1507987395.htm/,NA
https://www.leboncoin.fr/ventes_immobilieres/1640228899.htm/,NA
https://www.leboncoin.fr/ventes_immobilieres/1612552476.htm/,NA
https://www.leboncoin.fr/ventes_immobilieres/1641144612.htm/,NA
https://www.leboncoin.fr/ventes_immobilieres/1595407913.htm/,NA
https://www.leboncoin.fr/ventes_immobilieres/1641963554.htm/,NA
https://www.leboncoin.fr/ventes_immobilieres/1611976056.htm/,NA
https://www.leboncoin.fr/ventes_immobilieres/1597843541.htm/,NA
https://www.leboncoin.fr/ventes_immobilieres/1489297819.htm/,NA
https://www.leboncoin.fr/ventes_immobilieres/1597173154.htm/,NA
https://www.leboncoin.fr/ventes_immobilieres/1616802560.htm/,NA
https://www.leboncoin.fr/ventes_immobilieres/1530621401.htm/,NA
https://www.leboncoin.fr/ventes_immobilieres/1508993547.htm/,NA
https://www.leboncoin.fr/ventes_immobilieres/1644862215.htm/,NA
https://www.leboncoin.fr/ventes_immobilieres/1487091442.htm/,NA
https://www.leboncoin.fr/ventes_immobilieres/1618885739.htm/,NA
https://www.leboncoin.fr/ventes_immobilieres/1590626882.htm/,NA
https://www.leboncoin.fr/ventes_immobilieres/1620254246.htm/,NA
https://www.leboncoin.fr/ventes_immobilieres/1647025089.htm/,NA
https://www.leboncoin.fr/ventes_immobilieres/1631861097.htm/,NA
https://www.leboncoin.fr/ventes_immobilieres/1620923241.htm/,NA
https://www.leboncoin.fr/ventes_immobilieres/1647464016.htm/,NA
https://www.leboncoin.fr/ventes_immobilieres/1647748841.htm/,NA
https://www.leboncoin.fr/ventes_immobilieres/1634978226.htm/,NA
https://www.leboncoin.fr/ventes_immobilieres/1647865719.htm/,NA
https://www.leboncoin.fr/ventes_immobilieres/1619328714.htm/,NA
https://www.leboncoin.fr/ventes_immobilieres/1565840481.htm/,NA
https://www.leboncoin.fr/ventes_immobilieres/1622026128.htm/,NA
https://www.leboncoin.fr/ventes_immobilieres/1649405227.htm/,NA
https://www.leboncoin.fr/ventes_immobilieres/1617858365.htm/,NA
https://www.leboncoin.fr/ventes_immobilieres/1621372948.htm/,NA
https://www.leboncoin.fr/ventes_immobilieres/1650063885.htm/,NA
https://www.leboncoin.fr/ventes_immobilieres/1623961911.htm/,NA
https://www.leboncoin.fr/ventes_immobilieres/1627001254.htm/,NA
https://www.leboncoin.fr/ventes_immobilieres/1627003016.htm/,NA
https://www.leboncoin.fr/ventes_immobilieres/1621853988.htm/,NA
https://www.leboncoin.fr/ventes_immobilieres/1549877993.htm/,NA
https://www.leboncoin.fr/ventes_immobilieres/1607941238.htm/,NA
https://www.leboncoin.fr/ventes_immobilieres/1607941228.htm/,NA
https://www.leboncoin.fr/ventes_immobilieres/1627026167.htm/,NA
https://www.leboncoin.fr/ventes_immobilieres/1621222448.htm/,NA
https://www.leboncoin.fr/ventes_immobilieres/1621853959.htm/,NA
https://www.leboncoin.fr/ventes_immobilieres/1621854087.htm/,NA
https://www.leboncoin.fr/ventes_immobilieres/1623857102.htm/,NA
https://www.leboncoin.fr/ventes_immobilieres/1629148029.htm/,NA
https://www.leboncoin.fr/ventes_immobilieres/1630892792.htm/,NA
https://www.leboncoin.fr/ventes_immobilieres/1634848578.htm/,NA
https://www.leboncoin.fr/ventes_immobilieres/1635387873.htm/,NA
https://www.leboncoin.fr/ventes_immobilieres/1635952905.htm/,NA
https://www.leboncoin.fr/ventes_immobilieres/1554627166.htm/,NA
https://www.leboncoin.fr/ventes_immobilieres/1637139173.htm/,NA
https://www.leboncoin.fr/ventes_immobilieres/1638035864.htm/,NA
https://www.leboncoin.fr/ventes_immobilieres/1638624788.htm/,NA
https://www.leboncoin.fr/ventes_immobilieres/1635313462.htm/,NA
https://www.leboncoin.fr/ventes_immobilieres/1641116982.htm/,NA
https://www.leboncoin.fr/ventes_immobilieres/1641267778.htm/,NA
https://www.leboncoin.fr/ventes_immobilieres/1643202262.htm/,NA
https://www.leboncoin.fr/ventes_immobilieres/1643711388.htm/,NA
https://www.leboncoin.fr/ventes_immobilieres/1627546016.htm/,NA
https://www.leboncoin.fr/ventes_immobilieres/1644113467.htm/,NA
https://www.leboncoin.fr/ventes_immobilieres/1617665854.htm/,NA
https://www.leboncoin.fr/ventes_immobilieres/1580801792.htm/,NA
https://www.leboncoin.fr/ventes_immobilieres/1618154236.htm/,NA
https://www.leboncoin.fr/ventes_immobilieres/1632530952.htm/,NA
https://www.leboncoin.fr/ventes_immobilieres/1645160227.htm/,NA
https://www.leboncoin.fr/ventes_immobilieres/1645096257.htm/,NA
https://www.leboncoin.fr/ventes_immobilieres/1606241695.htm/,NA
https://www.leboncoin.fr/ventes_immobilieres/1620419951.htm/,NA
https://www.leboncoin.fr/ventes_immobilieres/1647023294.htm/,NA
https://www.leboncoin.fr/ventes_immobilieres/1578365988.htm/,NA
https://www.leboncoin.fr/ventes_immobilieres/1621387249.htm/,NA
https://www.leboncoin.fr/ventes_immobilieres/1631890105.htm/,NA
https://www.leboncoin.fr/ventes_immobilieres/1574835981.htm/,NA
https://www.leboncoin.fr/ventes_immobilieres/1647748802.htm/,NA
https://www.leboncoin.fr/ventes_immobilieres/1565970266.htm/,NA
https://www.leboncoin.fr/ventes_immobilieres/1637397818.htm/,NA
https://www.leboncoin.fr/ventes_immobilieres/1649731783.htm/,NA
https://www.leboncoin.fr/ventes_immobilieres/1608259592.htm/,NA
https://www.leboncoin.fr/ventes_immobilieres/1608458591.htm/,NA
https://www.leboncoin.fr/ventes_immobilieres/1647141354.htm/,NA
https://www.leboncoin.fr/ventes_immobilieres/1649724191.htm/,NA
https://www.leboncoin.fr/ventes_immobilieres/1597282521.htm/,NA
https://www.leboncoin.fr/ventes_immobilieres/1633913287.htm/,NA
https://www.leboncoin.fr/ventes_immobilieres/1633571387.htm/,NA
https://www.leboncoin.fr/ventes_immobilieres/1635329825.htm/,NA
https://www.leboncoin.fr/ventes_immobilieres/1619551552.htm/,NA
https://www.leboncoin.fr/ventes_immobilieres/1513039821.htm/,NA
https://www.leboncoin.fr/ventes_immobilieres/1639496231.htm/,NA
https://www.leboncoin.fr/ventes_immobilieres/1593580456.htm/,NA
https://www.leboncoin.fr/ventes_immobilieres/1642080455.htm/,NA
https://www.leboncoin.fr/ventes_immobilieres/1591603973.htm/,NA
https://www.leboncoin.fr/ventes_immobilieres/1643679905.htm/,NA
https://www.leboncoin.fr/ventes_immobilieres/1590626817.htm/,NA
https://www.leboncoin.fr/ventes_immobilieres/1564553382.htm/,NA
https://www.leboncoin.fr/ventes_immobilieres/1451624504.htm/,NA
https://www.leboncoin.fr/ventes_immobilieres/1642019479.htm/,NA
https://www.leboncoin.fr/ventes_immobilieres/1579041138.htm/,NA
https://www.leboncoin.fr/ventes_immobilieres/1627984131.htm/,NA
https://www.leboncoin.fr/ventes_immobilieres/1630992387.htm/,NA
https://www.leboncoin.fr/ventes_immobilieres/1178283114.htm/,NA
https://www.leboncoin.fr/ventes_immobilieres/1628174186.htm/,NA
https://www.leboncoin.fr/ventes_immobilieres/1497432569.htm/,NA
https://www.leboncoin.fr/ventes_immobilieres/1401259704.htm/,NA
https://www.leboncoin.fr/ventes_immobilieres/1580144429.htm/,NA
https://www.leboncoin.fr/ventes_immobilieres/1582620862.htm/,NA
https://www.leboncoin.fr/ventes_immobilieres/1639907943.htm/,NA
https://www.leboncoin.fr/ventes_immobilieres/1641144799.htm/,NA
https://www.leboncoin.fr/ventes_immobilieres/1527114964.htm/,NA
https://www.leboncoin.fr/ventes_immobilieres/1634374470.htm/,NA
https://www.leboncoin.fr/ventes_immobilieres/1644463853.htm/,NA
https://www.leboncoin.fr/ventes_immobilieres/1644735608.htm/,NA
https://www.leboncoin.fr/ventes_immobilieres/1622345359.htm/,NA
https://www.leboncoin.fr/ventes_immobilieres/1640302916.htm/,NA
https://www.leboncoin.fr/ventes_immobilieres/1618154256.htm/,NA
https://www.leboncoin.fr/ventes_immobilieres/1644436490.htm/,NA
https://www.leboncoin.fr/ventes_immobilieres/1627947532.htm/,NA
https://www.leboncoin.fr/ventes_immobilieres/1648090375.htm/,NA
https://www.leboncoin.fr/ventes_immobilieres/1628549067.htm/,NA
https://www.leboncoin.fr/ventes_immobilieres/1626176457.htm/,NA
https://www.leboncoin.fr/ventes_immobilieres/1488074651.htm/,NA
https://www.leboncoin.fr/ventes_immobilieres/1563741699.htm/,NA
https://www.leboncoin.fr/ventes_immobilieres/1631116566.htm/,NA
https://www.leboncoin.fr/ventes_immobilieres/1647748572.htm/,NA
https://www.leboncoin.fr/ventes_immobilieres/1600031520.htm/,NA
https://www.leboncoin.fr/ventes_immobilieres/1635000580.htm/,NA
https://www.leboncoin.fr/ventes_immobilieres/1342899172.htm/,NA
https://www.leboncoin.fr/ventes_immobilieres/1342899085.htm/,NA
https://www.leboncoin.fr/ventes_immobilieres/1636717533.htm/,NA
https://www.leboncoin.fr/ventes_immobilieres/1636743398.htm/,NA
https://www.leboncoin.fr/ventes_immobilieres/1457857252.htm/,NA
https://www.leboncoin.fr/ventes_immobilieres/1638798143.htm/,NA
https://www.leboncoin.fr/ventes_immobilieres/1639973485.htm/,NA
https://www.leboncoin.fr/ventes_immobilieres/1577024163.htm/,NA
https://www.leboncoin.fr/ventes_immobilieres/1643449781.htm/,NA
https://www.leboncoin.fr/ventes_immobilieres/1617908228.htm/,NA
https://www.leboncoin.fr/ventes_immobilieres/1617908234.htm/,NA
https://www.leboncoin.fr/ventes_immobilieres/1617908231.htm/,NA
https://www.leboncoin.fr/ventes_immobilieres/1645049792.htm/,NA
https://www.leboncoin.fr/ventes_immobilieres/1647199138.htm/,NA
https://www.leboncoin.fr/ventes_immobilieres/1647748642.htm/,NA
https://www.leboncoin.fr/ventes_immobilieres/1647683871.htm/,NA
https://www.leboncoin.fr/ventes_immobilieres/1600057169.htm/,NA
https://www.leboncoin.fr/ventes_immobilieres/1636088929.htm/,NA
https://www.leboncoin.fr/ventes_immobilieres/1632204291.htm/,NA
https://www.leboncoin.fr/ventes_immobilieres/1632204469.htm/,NA
https://www.leboncoin.fr/ventes_immobilieres/1633542176.htm/,NA
https://www.leboncoin.fr/ventes_immobilieres/1648184038.htm/,NA
https://www.leboncoin.fr/ventes_immobilieres/1606010655.htm/,NA
https://www.leboncoin.fr/ventes_immobilieres/1458025420.htm/,NA
https://www.leboncoin.fr/ventes_immobilieres/1641324619.htm/,NA
https://www.leboncoin.fr/ventes_immobilieres/1641324670.htm/,NA
https://www.leboncoin.fr/ventes_immobilieres/1641719523.htm/,NA
https://www.leboncoin.fr/ventes_immobilieres/1588392568.htm/,NA
https://www.leboncoin.fr/ventes_immobilieres/1642207975.htm/,NA
https://www.leboncoin.fr/ventes_immobilieres/1635309501.htm/,NA
https://www.leboncoin.fr/ventes_immobilieres/1643758805.htm/,NA
https://www.leboncoin.fr/ventes_immobilieres/1644209141.htm/,NA
https://www.leboncoin.fr/ventes_immobilieres/1644735721.htm/,NA
https://www.leboncoin.fr/ventes_immobilieres/1644862144.htm/,NA
https://www.leboncoin.fr/ventes_immobilieres/1644918524.htm/,NA
https://www.leboncoin.fr/ventes_immobilieres/1644918443.htm/,NA
https://www.leboncoin.fr/ventes_immobilieres/1645442404.htm/,NA
https://www.leboncoin.fr/ventes_immobilieres/1646458702.htm/,NA
https://www.leboncoin.fr/ventes_immobilieres/1590627031.htm/,NA
https://www.leboncoin.fr/ventes_immobilieres/1628196683.htm/,NA
https://www.leboncoin.fr/ventes_immobilieres/1646956515.htm/,NA
https://www.leboncoin.fr/ventes_immobilieres/1647199313.htm/,NA
https://www.leboncoin.fr/ventes_immobilieres/1647495931.htm/,NA
https://www.leboncoin.fr/ventes_immobilieres/1647651671.htm/,NA
https://www.leboncoin.fr/ventes_immobilieres/1647571373.htm/,NA
https://www.leboncoin.fr/ventes_immobilieres/1647591672.htm/,NA
https://www.leboncoin.fr/ventes_immobilieres/1647591447.htm/,NA
https://www.leboncoin.fr/ventes_immobilieres/1647592256.htm/,NA
https://www.leboncoin.fr/ventes_immobilieres/1647591633.htm/,NA
https://www.leboncoin.fr/ventes_immobilieres/1647592395.htm/,NA
https://www.leboncoin.fr/ventes_immobilieres/1647592298.htm/,NA
https://www.leboncoin.fr/ventes_immobilieres/1647972390.htm/,NA
https://www.leboncoin.fr/ventes_immobilieres/1648350465.htm/,NA
https://www.leboncoin.fr/ventes_immobilieres/1649895494.htm/,NA
https://www.leboncoin.fr/ventes_immobilieres/1507788222.htm/,NA
https://www.leboncoin.fr/ventes_immobilieres/1633409786.htm/,NA
https://www.leboncoin.fr/ventes_immobilieres/1584653063.htm/,NA
https://www.leboncoin.fr/ventes_immobilieres/1419719578.htm/,NA
https://www.leboncoin.fr/ventes_immobilieres/1579776657.htm/,NA
https://www.leboncoin.fr/ventes_immobilieres/1631730579.htm/,NA
https://www.leboncoin.fr/ventes_immobilieres/1638924910.htm/,NA
https://www.leboncoin.fr/ventes_immobilieres/1640447737.htm/,NA
https://www.leboncoin.fr/ventes_immobilieres/1643677184.htm/,NA
https://www.leboncoin.fr/ventes_immobilieres/1644463835.htm/,NA
https://www.leboncoin.fr/ventes_immobilieres/1644463879.htm/,NA
https://www.leboncoin.fr/ventes_immobilieres/1434143517.htm/,NA
https://www.leboncoin.fr/ventes_immobilieres/1649872989.htm/,NA
https://www.leboncoin.fr/ventes_immobilieres/1625497366.htm/,NA
https://www.leboncoin.fr/ventes_immobilieres/1626569239.htm/,NA
https://www.leboncoin.fr/ventes_immobilieres/1598471727.htm/,NA
https://www.leboncoin.fr/ventes_immobilieres/1630536959.htm/,NA
https://www.leboncoin.fr/ventes_immobilieres/1631900366.htm/,NA
https://www.leboncoin.fr/ventes_immobilieres/1627250580.htm/,NA
https://www.leboncoin.fr/ventes_immobilieres/1636859320.htm/,NA
https://www.leboncoin.fr/ventes_immobilieres/1608914177.htm/,NA
https://www.leboncoin.fr/ventes_immobilieres/1637682450.htm/,NA
https://www.leboncoin.fr/ventes_immobilieres/1637811631.htm/,NA
https://www.leboncoin.fr/ventes_immobilieres/1638798633.htm/,NA
https://www.leboncoin.fr/ventes_immobilieres/1612292848.htm/,NA
https://www.leboncoin.fr/ventes_immobilieres/1564772226.htm/,NA
https://www.leboncoin.fr/ventes_immobilieres/1643032341.htm/,NA
https://www.leboncoin.fr/ventes_immobilieres/1643833786.htm/,NA
https://www.leboncoin.fr/ventes_immobilieres/1614009965.htm/,NA
https://www.leboncoin.fr/ventes_immobilieres/1609663255.htm/,NA
https://www.leboncoin.fr/ventes_immobilieres/1641960771.htm/,NA
https://www.leboncoin.fr/ventes_immobilieres/1458374121.htm/,NA
https://www.leboncoin.fr/ventes_immobilieres/1576464688.htm/,NA
https://www.leboncoin.fr/ventes_immobilieres/1644493591.htm/,NA
https://www.leboncoin.fr/ventes_immobilieres/1408012364.htm/,NA
https://www.leboncoin.fr/ventes_immobilieres/1645050816.htm/,NA
https://www.leboncoin.fr/ventes_immobilieres/1645440049.htm/,NA
https://www.leboncoin.fr/ventes_immobilieres/1620419896.htm/,NA
https://www.leboncoin.fr/ventes_immobilieres/1647483273.htm/,NA
https://www.leboncoin.fr/ventes_immobilieres/1515586282.htm/,NA
https://www.leboncoin.fr/ventes_immobilieres/1618398018.htm/,NA
https://www.leboncoin.fr/ventes_immobilieres/1648246869.htm/,NA
https://www.leboncoin.fr/ventes_immobilieres/1649582616.htm/,NA
https://www.leboncoin.fr/ventes_immobilieres/1649872884.htm/,NA
https://www.leboncoin.fr/ventes_immobilieres/1532225134.htm/,NA
https://www.leboncoin.fr/ventes_immobilieres/1183345525.htm/,NA
https://www.leboncoin.fr/ventes_immobilieres/1619554291.htm/,NA
https://www.leboncoin.fr/ventes_immobilieres/1601291417.htm/,NA
https://www.leboncoin.fr/ventes_immobilieres/1606781751.htm/,NA
https://www.leboncoin.fr/ventes_immobilieres/1640372956.htm/,NA
https://www.leboncoin.fr/ventes_immobilieres/1640828071.htm/,NA
https://www.leboncoin.fr/ventes_immobilieres/1641134576.htm/,NA
https://www.leboncoin.fr/ventes_immobilieres/1643505045.htm/,NA
https://www.leboncoin.fr/ventes_immobilieres/1592111246.htm/,NA
https://www.leboncoin.fr/ventes_immobilieres/1620218033.htm/,NA
https://www.leboncoin.fr/ventes_immobilieres/1639974957.htm/,NA
https://www.leboncoin.fr/ventes_immobilieres/1625043925.htm/,NA
https://www.leboncoin.fr/ventes_immobilieres/1641561955.htm/,NA
https://www.leboncoin.fr/ventes_immobilieres/1605733631.htm/,NA
https://www.leboncoin.fr/ventes_immobilieres/1564540740.htm/,NA
https://www.leboncoin.fr/ventes_immobilieres/1599001686.htm/,NA
https://www.leboncoin.fr/ventes_immobilieres/1611294464.htm/,NA
https://www.leboncoin.fr/ventes_immobilieres/1642963501.htm/,NA
https://www.leboncoin.fr/ventes_immobilieres/1606338213.htm/,NA
https://www.leboncoin.fr/ventes_immobilieres/1614261994.htm/,NA
https://www.leboncoin.fr/ventes_immobilieres/1643833764.htm/,NA
https://www.leboncoin.fr/ventes_immobilieres/1632357333.htm/,NA
https://www.leboncoin.fr/ventes_immobilieres/1644726720.htm/,NA
https://www.leboncoin.fr/ventes_immobilieres/1641123151.htm/,NA
https://www.leboncoin.fr/ventes_immobilieres/1528105708.htm/,NA
https://www.leboncoin.fr/ventes_immobilieres/1588003618.htm/,NA
https://www.leboncoin.fr/ventes_immobilieres/1644728514.htm/,NA
https://www.leboncoin.fr/ventes_immobilieres/1588204780.htm/,NA
https://www.leboncoin.fr/ventes_immobilieres/1646015930.htm/,NA
https://www.leboncoin.fr/ventes_immobilieres/1590278255.htm/,NA
https://www.leboncoin.fr/ventes_immobilieres/1647019199.htm/,NA
https://www.leboncoin.fr/ventes_immobilieres/1647062292.htm/,NA
https://www.leboncoin.fr/ventes_immobilieres/1647932394.htm/,NA
https://www.leboncoin.fr/ventes_immobilieres/1635000463.htm/,NA
https://www.leboncoin.fr/ventes_immobilieres/1647932373.htm/,NA
https://www.leboncoin.fr/ventes_immobilieres/1648269252.htm/,NA
https://www.leboncoin.fr/ventes_immobilieres/1600333359.htm/,NA
https://www.leboncoin.fr/ventes_immobilieres/1626667296.htm/,NA
https://www.leboncoin.fr/ventes_immobilieres/1649407698.htm/,NA
https://www.leboncoin.fr/ventes_immobilieres/1649707906.htm/,NA
https://www.leboncoin.fr/ventes_immobilieres/1649688469.htm/,NA
https://www.leboncoin.fr/ventes_immobilieres/1649872763.htm/,NA
https://www.leboncoin.fr/ventes_immobilieres/1623470953.htm/,NA
https://www.leboncoin.fr/ventes_immobilieres/1496855408.htm/,NA
https://www.leboncoin.fr/ventes_immobilieres/1621365772.htm/,NA
https://www.leboncoin.fr/ventes_immobilieres/1360403959.htm/,NA
https://www.leboncoin.fr/ventes_immobilieres/1628859211.htm/,NA
https://www.leboncoin.fr/ventes_immobilieres/1578436395.htm/,NA
https://www.leboncoin.fr/ventes_immobilieres/1634748230.htm/,NA
https://www.leboncoin.fr/ventes_immobilieres/1565875607.htm/,NA
https://www.leboncoin.fr/ventes_immobilieres/1638898894.htm/,NA
https://www.leboncoin.fr/ventes_immobilieres/1639609238.htm/,NA
https://www.leboncoin.fr/ventes_immobilieres/1598001866.htm/,NA
https://www.leboncoin.fr/ventes_immobilieres/1641432630.htm/,NA
https://www.leboncoin.fr/ventes_immobilieres/1643679821.htm/,NA
https://www.leboncoin.fr/ventes_immobilieres/1567305938.htm/,NA
https://www.leboncoin.fr/ventes_immobilieres/1617207513.htm/,NA
https://www.leboncoin.fr/ventes_immobilieres/1645044673.htm/,NA
https://www.leboncoin.fr/ventes_immobilieres/1539076621.htm/,NA
https://www.leboncoin.fr/ventes_immobilieres/1641134559.htm/,NA
https://www.leboncoin.fr/ventes_immobilieres/1645442458.htm/,NA
https://www.leboncoin.fr/ventes_immobilieres/1645441031.htm/,NA
https://www.leboncoin.fr/ventes_immobilieres/1645442649.htm/,NA
https://www.leboncoin.fr/ventes_immobilieres/1633577890.htm/,NA
https://www.leboncoin.fr/ventes_immobilieres/1635543497.htm/,NA
https://www.leboncoin.fr/ventes_immobilieres/1646722119.htm/,NA
https://www.leboncoin.fr/ventes_immobilieres/1646900771.htm/,NA
https://www.leboncoin.fr/ventes_immobilieres/1606741629.htm/,NA
https://www.leboncoin.fr/ventes_immobilieres/1647815149.htm/,NA
https://www.leboncoin.fr/ventes_immobilieres/1648030993.htm/,NA
https://www.leboncoin.fr/ventes_immobilieres/1647998576.htm/,NA
https://www.leboncoin.fr/ventes_immobilieres/1648353006.htm/,NA
https://www.leboncoin.fr/ventes_immobilieres/1440099634.htm/,NA
https://www.leboncoin.fr/ventes_immobilieres/1632688612.htm/,NA
https://www.leboncoin.fr/ventes_immobilieres/1598517690.htm/,NA
https://www.leboncoin.fr/ventes_immobilieres/1382670187.htm/,NA
https://www.leboncoin.fr/ventes_immobilieres/1649866519.htm/,NA
https://www.leboncoin.fr/ventes_immobilieres/1493720258.htm/,NA
https://www.leboncoin.fr/ventes_immobilieres/1623946640.htm/,NA
https://www.leboncoin.fr/ventes_immobilieres/1628393941.htm/,NA
https://www.leboncoin.fr/ventes_immobilieres/1451593580.htm/,NA
https://www.leboncoin.fr/ventes_immobilieres/1631063311.htm/,NA
https://www.leboncoin.fr/ventes_immobilieres/1634513720.htm/,NA
https://www.leboncoin.fr/ventes_immobilieres/1635000865.htm/,NA
https://www.leboncoin.fr/ventes_immobilieres/1608914255.htm/,NA
https://www.leboncoin.fr/ventes_immobilieres/1612292686.htm/,NA
https://www.leboncoin.fr/ventes_immobilieres/1620218154.htm/,NA
https://www.leboncoin.fr/ventes_immobilieres/1612767341.htm/,NA
https://www.leboncoin.fr/ventes_immobilieres/1458952092.htm/,NA
https://www.leboncoin.fr/ventes_immobilieres/1640828054.htm/,NA
https://www.leboncoin.fr/ventes_immobilieres/1641968987.htm/,NA
https://www.leboncoin.fr/ventes_immobilieres/1642670286.htm/,NA
https://www.leboncoin.fr/ventes_immobilieres/1642862304.htm/,NA
https://www.leboncoin.fr/ventes_immobilieres/1631556346.htm/,NA
https://www.leboncoin.fr/ventes_immobilieres/1643029774.htm/,NA
https://www.leboncoin.fr/ventes_immobilieres/1560709598.htm/,NA
https://www.leboncoin.fr/ventes_immobilieres/1617207533.htm/,NA
https://www.leboncoin.fr/ventes_immobilieres/1587469970.htm/,NA
https://www.leboncoin.fr/ventes_immobilieres/1645605880.htm/,NA
https://www.leboncoin.fr/ventes_immobilieres/1647866456.htm/,NA
https://www.leboncoin.fr/ventes_immobilieres/1621853983.htm/,NA
https://www.leboncoin.fr/ventes_immobilieres/1623341212.htm/,NA
https://www.leboncoin.fr/ventes_immobilieres/1649727599.htm/,NA
https://www.leboncoin.fr/ventes_immobilieres/1649903629.htm/,NA
https://www.leboncoin.fr/ventes_immobilieres/1634293656.htm/,NA
https://www.leboncoin.fr/ventes_immobilieres/1642243370.htm/,NA
https://www.leboncoin.fr/ventes_immobilieres/1304303392.htm/,NA
https://www.leboncoin.fr/ventes_immobilieres/1626815768.htm/,NA
https://www.leboncoin.fr/ventes_immobilieres/1631039246.htm/,NA
https://www.leboncoin.fr/ventes_immobilieres/1575942228.htm/,NA
https://www.leboncoin.fr/ventes_immobilieres/1633701405.htm/,NA
https://www.leboncoin.fr/ventes_immobilieres/1625644312.htm/,NA
https://www.leboncoin.fr/ventes_immobilieres/1602692810.htm/,NA
https://www.leboncoin.fr/ventes_immobilieres/1579297711.htm/,NA
https://www.leboncoin.fr/ventes_immobilieres/1547498927.htm/,NA
https://www.leboncoin.fr/ventes_immobilieres/1568904655.htm/,NA
https://www.leboncoin.fr/ventes_immobilieres/1609538145.htm/,NA
https://www.leboncoin.fr/ventes_immobilieres/1637963265.htm/,NA
https://www.leboncoin.fr/ventes_immobilieres/1433973940.htm/,NA
https://www.leboncoin.fr/ventes_immobilieres/1641637022.htm/,NA
https://www.leboncoin.fr/ventes_immobilieres/1642786843.htm/,NA
https://www.leboncoin.fr/ventes_immobilieres/1643444846.htm/,NA
https://www.leboncoin.fr/ventes_immobilieres/1619914761.htm/,NA
https://www.leboncoin.fr/ventes_immobilieres/1619913986.htm/,NA
https://www.leboncoin.fr/ventes_immobilieres/1646367873.htm/,NA
https://www.leboncoin.fr/ventes_immobilieres/1630608241.htm/,NA
https://www.leboncoin.fr/ventes_immobilieres/1518811256.htm/,NA
https://www.leboncoin.fr/ventes_immobilieres/1649407346.htm/,NA
https://www.leboncoin.fr/ventes_immobilieres/1649723242.htm/,NA
https://www.leboncoin.fr/ventes_immobilieres/1564735767.htm/,NA
https://www.leboncoin.fr/ventes_immobilieres/1642868782.htm/,NA
https://www.leboncoin.fr/ventes_immobilieres/1643201800.htm/,NA
https://www.leboncoin.fr/ventes_immobilieres/1612016919.htm/,NA
https://www.leboncoin.fr/ventes_immobilieres/1643201861.htm/,NA
https://www.leboncoin.fr/ventes_immobilieres/1555210401.htm/,NA
https://www.leboncoin.fr/ventes_immobilieres/1592098067.htm/,NA
https://www.leboncoin.fr/ventes_immobilieres/1643612810.htm/,NA
https://www.leboncoin.fr/ventes_immobilieres/1644015871.htm/,NA
https://www.leboncoin.fr/ventes_immobilieres/1644325207.htm/,NA
https://www.leboncoin.fr/ventes_immobilieres/1644735629.htm/,NA
https://www.leboncoin.fr/ventes_immobilieres/1644735626.htm/,NA
https://www.leboncoin.fr/ventes_immobilieres/1623746642.htm/,NA
https://www.leboncoin.fr/ventes_immobilieres/1608448105.htm/,NA
https://www.leboncoin.fr/ventes_immobilieres/1647018975.htm/,NA
https://www.leboncoin.fr/ventes_immobilieres/1620719595.htm/,NA
https://www.leboncoin.fr/ventes_immobilieres/1647484781.htm/,NA
https://www.leboncoin.fr/ventes_immobilieres/1647421798.htm/,NA
https://www.leboncoin.fr/ventes_immobilieres/1612283046.htm/,NA
https://www.leboncoin.fr/ventes_immobilieres/1647496156.htm/,NA
https://www.leboncoin.fr/ventes_immobilieres/1621169172.htm/,NA
https://www.leboncoin.fr/ventes_immobilieres/1621387166.htm/,NA
https://www.leboncoin.fr/ventes_immobilieres/1640666029.htm/,NA
https://www.leboncoin.fr/ventes_immobilieres/1635311122.htm/,NA
https://www.leboncoin.fr/ventes_immobilieres/1648151986.htm/,NA
https://www.leboncoin.fr/ventes_immobilieres/1638802068.htm/,NA
https://www.leboncoin.fr/ventes_immobilieres/1565730105.htm/,NA
https://www.leboncoin.fr/ventes_immobilieres/1648397239.htm/,NA
https://www.leboncoin.fr/ventes_immobilieres/1599519987.htm/,NA
https://www.leboncoin.fr/ventes_immobilieres/1643364134.htm/,NA
https://www.leboncoin.fr/ventes_immobilieres/1599281267.htm/,NA
https://www.leboncoin.fr/ventes_immobilieres/1627924910.htm/,NA
https://www.leboncoin.fr/ventes_immobilieres/1571191962.htm/,NA
https://www.leboncoin.fr/ventes_immobilieres/1623846860.htm/,NA
https://www.leboncoin.fr/ventes_immobilieres/1649899212.htm/,NA
https://www.leboncoin.fr/ventes_immobilieres/1630858904.htm/,NA
https://www.leboncoin.fr/ventes_immobilieres/1627045417.htm/,NA
https://www.leboncoin.fr/ventes_immobilieres/1598827034.htm/,NA
https://www.leboncoin.fr/ventes_immobilieres/1635702091.htm/,NA
https://www.leboncoin.fr/ventes_immobilieres/1640372866.htm/,NA
https://www.leboncoin.fr/ventes_immobilieres/1643202166.htm/,NA
https://www.leboncoin.fr/ventes_immobilieres/1595730266.htm/,NA
https://www.leboncoin.fr/ventes_immobilieres/1647019160.htm/,NA
https://www.leboncoin.fr/ventes_immobilieres/1427081959.htm/,NA
https://www.leboncoin.fr/ventes_immobilieres/1626947796.htm/,NA
https://www.leboncoin.fr/ventes_immobilieres/1605745727.htm/,NA
https://www.leboncoin.fr/ventes_immobilieres/1634432533.htm/,NA
https://www.leboncoin.fr/ventes_immobilieres/1579580059.htm/,NA
https://www.leboncoin.fr/ventes_immobilieres/1621976393.htm/,NA
https://www.leboncoin.fr/ventes_immobilieres/1636888376.htm/,NA
https://www.leboncoin.fr/ventes_immobilieres/1622831584.htm/,NA
https://www.leboncoin.fr/ventes_immobilieres/1637014455.htm/,NA
https://www.leboncoin.fr/ventes_immobilieres/1638904552.htm/,NA
https://www.leboncoin.fr/ventes_immobilieres/1639974163.htm/,NA
https://www.leboncoin.fr/ventes_immobilieres/1633609163.htm/,NA
https://www.leboncoin.fr/ventes_immobilieres/1639909025.htm/,NA
https://www.leboncoin.fr/ventes_immobilieres/1640670330.htm/,NA
https://www.leboncoin.fr/ventes_immobilieres/1640428198.htm/,NA
https://www.leboncoin.fr/ventes_immobilieres/1641869302.htm/,NA
https://www.leboncoin.fr/ventes_immobilieres/1642396176.htm/,NA
https://www.leboncoin.fr/ventes_immobilieres/1643358171.htm/,NA
https://www.leboncoin.fr/ventes_immobilieres/1643202857.htm/,NA
https://www.leboncoin.fr/ventes_immobilieres/1617202923.htm/,NA
https://www.leboncoin.fr/ventes_immobilieres/1644463817.htm/,NA
https://www.leboncoin.fr/ventes_immobilieres/1627011543.htm/,NA
https://www.leboncoin.fr/ventes_immobilieres/1617962730.htm/,NA
https://www.leboncoin.fr/ventes_immobilieres/1646976342.htm/,NA
https://www.leboncoin.fr/ventes_immobilieres/1599291575.htm/,NA
https://www.leboncoin.fr/ventes_immobilieres/1647301477.htm/,NA
https://www.leboncoin.fr/ventes_immobilieres/1623507748.htm/,NA
https://www.leboncoin.fr/ventes_immobilieres/1647495806.htm/,NA
https://www.leboncoin.fr/ventes_immobilieres/1565082329.htm/,NA
https://www.leboncoin.fr/ventes_immobilieres/1621524532.htm/,NA
https://www.leboncoin.fr/ventes_immobilieres/1648246895.htm/,NA
https://www.leboncoin.fr/ventes_immobilieres/1648350402.htm/,NA
https://www.leboncoin.fr/ventes_immobilieres/1626448688.htm/,NA
https://www.leboncoin.fr/ventes_immobilieres/1623509403.htm/,NA
https://www.leboncoin.fr/ventes_immobilieres/1603165061.htm/,NA
https://www.leboncoin.fr/ventes_immobilieres/1629940824.htm/,NA
https://www.leboncoin.fr/ventes_immobilieres/1630879885.htm/,NA
https://www.leboncoin.fr/ventes_immobilieres/1631296270.htm/,NA
https://www.leboncoin.fr/ventes_immobilieres/1631416484.htm/,NA
https://www.leboncoin.fr/ventes_immobilieres/1632102874.htm/,NA
https://www.leboncoin.fr/ventes_immobilieres/1616197098.htm/,NA
https://www.leboncoin.fr/ventes_immobilieres/1644280302.htm/,NA
https://www.leboncoin.fr/ventes_immobilieres/1645161576.htm/,NA
https://www.leboncoin.fr/ventes_immobilieres/1170913124.htm/,NA
https://www.leboncoin.fr/ventes_immobilieres/1595730286.htm/,NA
https://www.leboncoin.fr/ventes_immobilieres/1391557545.htm/,NA
https://www.leboncoin.fr/ventes_immobilieres/1620117477.htm/,NA
https://www.leboncoin.fr/ventes_immobilieres/1606127227.htm/,NA
https://www.leboncoin.fr/ventes_immobilieres/1647019196.htm/,NA
https://www.leboncoin.fr/ventes_immobilieres/1604431154.htm/,NA
https://www.leboncoin.fr/ventes_immobilieres/1647139718.htm/,NA
https://www.leboncoin.fr/ventes_immobilieres/1647592000.htm/,NA
https://www.leboncoin.fr/ventes_immobilieres/1647591872.htm/,NA
https://www.leboncoin.fr/ventes_immobilieres/1647592706.htm/,NA
https://www.leboncoin.fr/ventes_immobilieres/1647592499.htm/,NA
https://www.leboncoin.fr/ventes_immobilieres/1647592097.htm/,NA
https://www.leboncoin.fr/ventes_immobilieres/1647592211.htm/,NA
https://www.leboncoin.fr/ventes_immobilieres/1647592573.htm/,NA
https://www.leboncoin.fr/ventes_immobilieres/1647592142.htm/,NA
https://www.leboncoin.fr/ventes_immobilieres/1647591509.htm/,NA
https://www.leboncoin.fr/ventes_immobilieres/1647592627.htm/,NA
https://www.leboncoin.fr/ventes_immobilieres/1647591923.htm/,NA
https://www.leboncoin.fr/ventes_immobilieres/1647591729.htm/,NA
https://www.leboncoin.fr/ventes_immobilieres/1647815224.htm/,NA
https://www.leboncoin.fr/ventes_immobilieres/1621840252.htm/,NA
https://www.leboncoin.fr/ventes_immobilieres/1648246035.htm/,NA
https://www.leboncoin.fr/ventes_immobilieres/1647998554.htm/,NA
https://www.leboncoin.fr/ventes_immobilieres/1648347637.htm/,NA
https://www.leboncoin.fr/ventes_immobilieres/1648119898.htm/,NA
https://www.leboncoin.fr/ventes_immobilieres/1648152009.htm/,NA
https://www.leboncoin.fr/ventes_immobilieres/1622243832.htm/,NA
https://www.leboncoin.fr/ventes_immobilieres/1618160669.htm/,NA
https://www.leboncoin.fr/ventes_immobilieres/1591075686.htm/,NA
https://www.leboncoin.fr/ventes_immobilieres/1594236289.htm/,NA
https://www.leboncoin.fr/ventes_immobilieres/1649727594.htm/,NA
https://www.leboncoin.fr/ventes_immobilieres/1594236209.htm/,NA
https://www.leboncoin.fr/ventes_immobilieres/1604946402.htm/,NA
https://www.leboncoin.fr/ventes_immobilieres/1632278843.htm/,NA
https://www.leboncoin.fr/ventes_immobilieres/1638555763.htm/,NA
https://www.leboncoin.fr/ventes_immobilieres/1646249149.htm/,NA
https://www.leboncoin.fr/ventes_immobilieres/1631774404.htm/,NA
https://www.leboncoin.fr/ventes_immobilieres/1635124822.htm/,NA
https://www.leboncoin.fr/ventes_immobilieres/1635244525.htm/,NA
https://www.leboncoin.fr/ventes_immobilieres/1617202745.htm/,NA
https://www.leboncoin.fr/ventes_immobilieres/1528580221.htm/,NA
https://www.leboncoin.fr/ventes_immobilieres/1608547614.htm/,NA
https://www.leboncoin.fr/ventes_immobilieres/1608867776.htm/,NA
https://www.leboncoin.fr/ventes_immobilieres/1640415606.htm/,NA
https://www.leboncoin.fr/ventes_immobilieres/1534086071.htm/,NA
https://www.leboncoin.fr/ventes_immobilieres/1641129369.htm/,NA
https://www.leboncoin.fr/ventes_immobilieres/1641761998.htm/,NA
https://www.leboncoin.fr/ventes_immobilieres/1638100257.htm/,NA
https://www.leboncoin.fr/ventes_immobilieres/1615716881.htm/,NA
https://www.leboncoin.fr/ventes_immobilieres/1643358202.htm/,NA
https://www.leboncoin.fr/ventes_immobilieres/1643358194.htm/,NA
https://www.leboncoin.fr/ventes_immobilieres/1601174714.htm/,NA
https://www.leboncoin.fr/ventes_immobilieres/1638499277.htm/,NA
https://www.leboncoin.fr/ventes_immobilieres/1643828218.htm/,NA
https://www.leboncoin.fr/ventes_immobilieres/1561010606.htm/,NA
https://www.leboncoin.fr/ventes_immobilieres/1644889293.htm/,NA
https://www.leboncoin.fr/ventes_immobilieres/1539077795.htm/,NA
https://www.leboncoin.fr/ventes_immobilieres/1646539800.htm/,NA
https://www.leboncoin.fr/ventes_immobilieres/1646900797.htm/,NA
https://www.leboncoin.fr/ventes_immobilieres/1647078932.htm/,NA
https://www.leboncoin.fr/ventes_immobilieres/1647484429.htm/,NA
https://www.leboncoin.fr/ventes_immobilieres/1647939326.htm/,NA
https://www.leboncoin.fr/ventes_immobilieres/1641432424.htm/,NA
https://www.leboncoin.fr/ventes_immobilieres/1588935008.htm/,NA
https://www.leboncoin.fr/ventes_immobilieres/1643821991.htm/,NA
https://www.leboncoin.fr/ventes_immobilieres/1601622523.htm/,NA
https://www.leboncoin.fr/ventes_immobilieres/1649727635.htm/,NA
https://www.leboncoin.fr/ventes_immobilieres/1649727792.htm/,NA
https://www.leboncoin.fr/ventes_immobilieres/1649872807.htm/,NA
https://www.leboncoin.fr/ventes_immobilieres/1591944034.htm/,NA
https://www.leboncoin.fr/ventes_immobilieres/1445220852.htm/,NA
https://www.leboncoin.fr/ventes_immobilieres/1419719462.htm/,NA
https://www.leboncoin.fr/ventes_immobilieres/1638630219.htm/,NA
https://www.leboncoin.fr/ventes_immobilieres/1640347323.htm/,NA
https://www.leboncoin.fr/ventes_immobilieres/1613641101.htm/,NA
https://www.leboncoin.fr/ventes_immobilieres/1643677170.htm/,NA
https://www.leboncoin.fr/ventes_immobilieres/1406723300.htm/,NA
https://www.leboncoin.fr/ventes_immobilieres/1434179461.htm/,NA
https://www.leboncoin.fr/ventes_immobilieres/1505323215.htm/,NA
https://www.leboncoin.fr/ventes_immobilieres/1626101082.htm/,NA
https://www.leboncoin.fr/ventes_immobilieres/1626757971.htm/,NA
https://www.leboncoin.fr/ventes_immobilieres/1628140387.htm/,NA
https://www.leboncoin.fr/ventes_immobilieres/1628456233.htm/,NA
https://www.leboncoin.fr/ventes_immobilieres/1605745688.htm/,NA
https://www.leboncoin.fr/ventes_immobilieres/1605877852.htm/,NA
https://www.leboncoin.fr/ventes_immobilieres/1635050649.htm/,NA
https://www.leboncoin.fr/ventes_immobilieres/1630609197.htm/,NA
https://www.leboncoin.fr/ventes_immobilieres/1636859440.htm/,NA
https://www.leboncoin.fr/ventes_immobilieres/1609689292.htm/,NA
https://www.leboncoin.fr/ventes_immobilieres/1638228728.htm/,NA
https://www.leboncoin.fr/ventes_immobilieres/1638654163.htm/,NA
https://www.leboncoin.fr/ventes_immobilieres/1638904439.htm/,NA
https://www.leboncoin.fr/ventes_immobilieres/1573323487.htm/,NA
https://www.leboncoin.fr/ventes_immobilieres/1640989659.htm/,NA
https://www.leboncoin.fr/ventes_immobilieres/1621821150.htm/,NA
https://www.leboncoin.fr/ventes_immobilieres/1604656060.htm/,NA
https://www.leboncoin.fr/ventes_immobilieres/1643603083.htm/,NA
https://www.leboncoin.fr/ventes_immobilieres/1644015356.htm/,NA
https://www.leboncoin.fr/ventes_immobilieres/1493720294.htm/,NA
https://www.leboncoin.fr/ventes_immobilieres/1644723550.htm/,NA
https://www.leboncoin.fr/ventes_immobilieres/1644412053.htm/,NA
https://www.leboncoin.fr/ventes_immobilieres/1410692306.htm/,NA
https://www.leboncoin.fr/ventes_immobilieres/1606239599.htm/,NA
https://www.leboncoin.fr/ventes_immobilieres/1606239600.htm/,NA
https://www.leboncoin.fr/ventes_immobilieres/1641417507.htm/,NA
https://www.leboncoin.fr/ventes_immobilieres/1647560807.htm/,NA
https://www.leboncoin.fr/ventes_immobilieres/1634458566.htm/,NA
https://www.leboncoin.fr/ventes_immobilieres/1648357766.htm/,NA
https://www.leboncoin.fr/ventes_immobilieres/1635991163.htm/,NA
https://www.leboncoin.fr/ventes_immobilieres/1633917343.htm/,NA
https://www.leboncoin.fr/ventes_immobilieres/1632747033.htm/,NA
https://www.leboncoin.fr/ventes_immobilieres/1519754781.htm/,NA
https://www.leboncoin.fr/ventes_immobilieres/1508988505.htm/,NA
https://www.leboncoin.fr/ventes_immobilieres/1614259639.htm/,NA
https://www.leboncoin.fr/ventes_immobilieres/1642847418.htm/,NA
https://www.leboncoin.fr/ventes_immobilieres/1493999595.htm/,NA
https://www.leboncoin.fr/ventes_immobilieres/1627511226.htm/,NA
https://www.leboncoin.fr/ventes_immobilieres/1628020951.htm/,NA
https://www.leboncoin.fr/ventes_immobilieres/1634720776.htm/,NA
https://www.leboncoin.fr/ventes_immobilieres/1634638126.htm/,NA
https://www.leboncoin.fr/ventes_immobilieres/1602067172.htm/,NA
https://www.leboncoin.fr/ventes_immobilieres/1643064067.htm/,NA
https://www.leboncoin.fr/ventes_immobilieres/1644796509.htm/,NA
https://www.leboncoin.fr/ventes_immobilieres/1646606337.htm/,NA
https://www.leboncoin.fr/ventes_immobilieres/1638334614.htm/,NA
https://www.leboncoin.fr/ventes_immobilieres/1593734685.htm/,NA
https://www.leboncoin.fr/ventes_immobilieres/1612136524.htm/,NA
https://www.leboncoin.fr/ventes_immobilieres/1531676227.htm/,NA
https://www.leboncoin.fr/ventes_immobilieres/1609531380.htm/,NA
https://www.leboncoin.fr/ventes_immobilieres/1637224159.htm/,NA
https://www.leboncoin.fr/ventes_immobilieres/1613475196.htm/,NA
https://www.leboncoin.fr/ventes_immobilieres/1641144701.htm/,NA
https://www.leboncoin.fr/ventes_immobilieres/1641481208.htm/,NA
https://www.leboncoin.fr/ventes_immobilieres/1615266507.htm/,NA
https://www.leboncoin.fr/ventes_immobilieres/1634163862.htm/,NA
https://www.leboncoin.fr/ventes_immobilieres/1644015495.htm/,NA
https://www.leboncoin.fr/ventes_immobilieres/1644015531.htm/,NA
https://www.leboncoin.fr/ventes_immobilieres/1644463977.htm/,NA
https://www.leboncoin.fr/ventes_immobilieres/1644464028.htm/,NA
https://www.leboncoin.fr/ventes_immobilieres/1643016351.htm/,NA
https://www.leboncoin.fr/ventes_immobilieres/1645605894.htm/,NA
https://www.leboncoin.fr/ventes_immobilieres/1513218041.htm/,NA
https://www.leboncoin.fr/ventes_immobilieres/1646701689.htm/,NA
https://www.leboncoin.fr/ventes_immobilieres/1626667705.htm/,NA
https://www.leboncoin.fr/ventes_immobilieres/1640680577.htm/,NA
https://www.leboncoin.fr/ventes_immobilieres/1646967438.htm/,NA
https://www.leboncoin.fr/ventes_immobilieres/1635543510.htm/,NA
https://www.leboncoin.fr/ventes_immobilieres/1647396069.htm/,NA
https://www.leboncoin.fr/ventes_immobilieres/1640932804.htm/,NA
https://www.leboncoin.fr/ventes_immobilieres/1611021540.htm/,NA
https://www.leboncoin.fr/ventes_immobilieres/1647998557.htm/,NA
https://www.leboncoin.fr/ventes_immobilieres/1621840189.htm/,NA
https://www.leboncoin.fr/ventes_immobilieres/1648090317.htm/,NA
https://www.leboncoin.fr/ventes_immobilieres/1648080047.htm/,NA
https://www.leboncoin.fr/ventes_immobilieres/1591958683.htm/,NA
https://www.leboncoin.fr/ventes_immobilieres/1648397197.htm/,NA
https://www.leboncoin.fr/ventes_immobilieres/1629026973.htm/,NA
https://www.leboncoin.fr/ventes_immobilieres/1623174262.htm/,NA
https://www.leboncoin.fr/ventes_immobilieres/1623366577.htm/,NA
https://www.leboncoin.fr/ventes_immobilieres/1647437194.htm/,NA
https://www.leboncoin.fr/ventes_immobilieres/1541321834.htm/,NA
https://www.leboncoin.fr/ventes_immobilieres/1623804585.htm/,NA
https://www.leboncoin.fr/ventes_immobilieres/1649849168.htm/,NA
https://www.leboncoin.fr/ventes_immobilieres/1608082270.htm/,NA
https://www.leboncoin.fr/ventes_immobilieres/1631943533.htm/,NA
https://www.leboncoin.fr/ventes_immobilieres/1534645655.htm/,NA
https://www.leboncoin.fr/ventes_immobilieres/1638007681.htm/,NA
https://www.leboncoin.fr/ventes_immobilieres/1643201839.htm/,NA
https://www.leboncoin.fr/ventes_immobilieres/1618270079.htm/,NA
https://www.leboncoin.fr/ventes_immobilieres/1587459263.htm/,NA
https://www.leboncoin.fr/ventes_immobilieres/1638014593.htm/,NA
https://www.leboncoin.fr/ventes_immobilieres/1638376178.htm/,NA
https://www.leboncoin.fr/ventes_immobilieres/1638312959.htm/,NA
https://www.leboncoin.fr/ventes_immobilieres/1473553304.htm/,NA
https://www.leboncoin.fr/ventes_immobilieres/1602067069.htm/,NA
https://www.leboncoin.fr/ventes_immobilieres/1508020011.htm/,NA
https://www.leboncoin.fr/ventes_immobilieres/1610416660.htm/,NA
https://www.leboncoin.fr/ventes_immobilieres/1640218640.htm/,NA
https://www.leboncoin.fr/ventes_immobilieres/1630582299.htm/,NA
https://www.leboncoin.fr/ventes_immobilieres/1583193053.htm/,NA
https://www.leboncoin.fr/ventes_immobilieres/1583193161.htm/,NA
https://www.leboncoin.fr/ventes_immobilieres/1613998572.htm/,NA
https://www.leboncoin.fr/ventes_immobilieres/1641637131.htm/,NA
https://www.leboncoin.fr/ventes_immobilieres/1616221138.htm/,NA
https://www.leboncoin.fr/ventes_immobilieres/1578798161.htm/,NA
https://www.leboncoin.fr/ventes_immobilieres/1620480789.htm/,NA
https://www.leboncoin.fr/ventes_immobilieres/1560808002.htm/,NA
https://www.leboncoin.fr/ventes_immobilieres/1628721113.htm/,NA
https://www.leboncoin.fr/ventes_immobilieres/1617311624.htm/,NA
https://www.leboncoin.fr/ventes_immobilieres/1644347415.htm/,NA
https://www.leboncoin.fr/ventes_immobilieres/1644499695.htm/,NA
https://www.leboncoin.fr/ventes_immobilieres/1486896222.htm/,NA
https://www.leboncoin.fr/ventes_immobilieres/1512996458.htm/,NA
https://www.leboncoin.fr/ventes_immobilieres/1646119704.htm/,NA
https://www.leboncoin.fr/ventes_immobilieres/1627145210.htm/,NA
https://www.leboncoin.fr/ventes_immobilieres/1590681653.htm/,NA
https://www.leboncoin.fr/ventes_immobilieres/1541334995.htm/,NA
https://www.leboncoin.fr/ventes_immobilieres/1548030616.htm/,NA
https://www.leboncoin.fr/ventes_immobilieres/1649548571.htm/,NA
https://www.leboncoin.fr/ventes_immobilieres/1616977615.htm/,NA
https://www.leboncoin.fr/ventes_immobilieres/1649548522.htm/,NA
https://www.leboncoin.fr/ventes_immobilieres/1649523308.htm/,NA
https://www.leboncoin.fr/ventes_immobilieres/1509106099.htm/,NA
https://www.leboncoin.fr/ventes_immobilieres/1649872923.htm/,NA
https://www.leboncoin.fr/ventes_immobilieres/1651521808.htm/,1564249502.204272
https://www.leboncoin.fr/ventes_immobilieres/1650774557.htm/,1564249535.015704
https://www.leboncoin.fr/ventes_immobilieres/1650658666.htm/,1564249535.193604
https://www.leboncoin.fr/ventes_immobilieres/1595730246.htm/,1564249536.437603
https://www.leboncoin.fr/ventes_immobilieres/1651047461.htm/,1564249537.830463
https://www.leboncoin.fr/ventes_immobilieres/1651522367.htm/,1564249539.231375
https://www.leboncoin.fr/ventes_immobilieres/1651522282.htm/,1564249540.425414
https://www.leboncoin.fr/ventes_immobilieres/1651522561.htm/,1564249541.837929
https://www.leboncoin.fr/ventes_immobilieres/1651522511.htm/,1564249543.271961
https://www.leboncoin.fr/ventes_immobilieres/1651522189.htm/,1564249544.010911
https://www.leboncoin.fr/ventes_immobilieres/1651168352.htm/,1564249587.88856
https://www.leboncoin.fr/ventes_immobilieres/1650230852.htm/,1564249623.358644
https://www.leboncoin.fr/ventes_immobilieres/1519754325.htm/,1564249627.528339
https://www.leboncoin.fr/ventes_immobilieres/1651346986.htm/,1564249628.72961
https://www.leboncoin.fr/ventes_immobilieres/1569594789.htm/,1564249631.360557
https://www.leboncoin.fr/ventes_immobilieres/1651414360.htm/,1564249645.652429
https://www.leboncoin.fr/ventes_immobilieres/1624328888.htm/,1564249672.44283
https://www.leboncoin.fr/ventes_immobilieres/1650770506.htm/,1564249673.423984
https://www.leboncoin.fr/ventes_immobilieres/1650769895.htm/,1564249674.19342
https://www.leboncoin.fr/ventes_immobilieres/1650994058.htm/,1564249675.177082
https://www.leboncoin.fr/ventes_immobilieres/1650858901.htm/,1564249676.596048
https://www.leboncoin.fr/ventes_immobilieres/1651078299.htm/,1564249679.296114
https://www.leboncoin.fr/ventes_immobilieres/1651121027.htm/,1564249680.732238
https://www.leboncoin.fr/ventes_immobilieres/1651167635.htm/,1564249682.4803
https://www.leboncoin.fr/ventes_immobilieres/1651346651.htm/,1564249684.739651
https://www.leboncoin.fr/ventes_immobilieres/1595849626.htm/,1564249685.933915
https://www.leboncoin.fr/ventes_immobilieres/1650488547.htm/,1564249717.309719
https://www.leboncoin.fr/ventes_immobilieres/1650504063.htm/,1564249737.521049
https://www.leboncoin.fr/ventes_immobilieres/1641329264.htm/,1564249741.846609
https://www.leboncoin.fr/ventes_immobilieres/1526625465.htm/,1564249772.525678
https://www.leboncoin.fr/ventes_immobilieres/1594750978.htm/,1564249773.980871
https://www.leboncoin.fr/ventes_immobilieres/1650364056.htm/,1564249776.44853
https://www.leboncoin.fr/ventes_immobilieres/1568437319.htm/,1564249778.041547
https://www.leboncoin.fr/ventes_immobilieres/1650770332.htm/,1564249779.410588
https://www.leboncoin.fr/ventes_immobilieres/1644862042.htm/,1564249816.011211
https://www.leboncoin.fr/ventes_immobilieres/1650517691.htm/,1564249830.891325
https://www.leboncoin.fr/ventes_immobilieres/1650986039.htm/,1564249832.244044
https://www.leboncoin.fr/ventes_immobilieres/1651054087.htm/,1564249833.930683
https://www.leboncoin.fr/ventes_immobilieres/1651224269.htm/,1564249835.128935
https://www.leboncoin.fr/ventes_immobilieres/1651443972.htm/,1564249836.268178
https://www.leboncoin.fr/ventes_immobilieres/1650377073.htm/,1564249925.185936
https://www.leboncoin.fr/ventes_immobilieres/1651253824.htm/,1564249926.154699
https://www.leboncoin.fr/ventes_immobilieres/1650350319.htm/,1564249936.4538
https://www.leboncoin.fr/ventes_immobilieres/1650779952.htm/,1564249937.390334
https://www.leboncoin.fr/ventes_immobilieres/1650859128.htm/,1564249976.683421
https://www.leboncoin.fr/ventes_immobilieres/1651346929.htm/,1564249978.275648
https://www.leboncoin.fr/ventes_immobilieres/1651253434.htm/,1564249979.457056
https://www.leboncoin.fr/ventes_immobilieres/1651347176.htm/,1564249980.632127
https://www.leboncoin.fr/ventes_immobilieres/1650416781.htm/,1564249994.385745
https://www.leboncoin.fr/ventes_immobilieres/1650770391.htm/,1564250032.052443
https://www.leboncoin.fr/ventes_immobilieres/1650169289.htm/,1564250086.873449
https://www.leboncoin.fr/ventes_immobilieres/1152536434.htm/,1564250087.939793
https://www.leboncoin.fr/ventes_immobilieres/1624328917.htm/,1564250088.949319
https://www.leboncoin.fr/ventes_immobilieres/1650986992.htm/,1564250092.132343
https://www.leboncoin.fr/ventes_immobilieres/1651381564.htm/,1564250094.211467
https://www.leboncoin.fr/ventes_immobilieres/1651377037.htm/,1564250095.365553
https://www.leboncoin.fr/ventes_immobilieres/1651107780.htm/,1564250136.399702
https://www.leboncoin.fr/ventes_immobilieres/1651377063.htm/,1564250138.105343
https://www.leboncoin.fr/ventes_immobilieres/1650493995.htm/,1564250149.615222
https://www.leboncoin.fr/ventes_immobilieres/1650716770.htm/,1564250185.593019
https://www.leboncoin.fr/ventes_immobilieres/1651175650.htm/,1564250214.281243
https://www.leboncoin.fr/ventes_immobilieres/1651221791.htm/,1564250242.010203
https://www.leboncoin.fr/ventes_immobilieres/1630643342.htm/,1564250244.84398
https://www.leboncoin.fr/ventes_immobilieres/1593457730.htm/,1564250246.437005
https://www.leboncoin.fr/ventes_immobilieres/1568689065.htm/,1564250247.691216
https://www.leboncoin.fr/ventes_immobilieres/1610552597.htm/,1564250249.189838
https://www.leboncoin.fr/ventes_immobilieres/1628206251.htm/,1564250250.192127
https://www.leboncoin.fr/ventes_immobilieres/1617450978.htm/,1564250252.536712
https://www.leboncoin.fr/ventes_immobilieres/1623875043.htm/,1564250253.715753
https://www.leboncoin.fr/ventes_immobilieres/1569594723.htm/,1564250254.783449
https://www.leboncoin.fr/ventes_immobilieres/1651139972.htm/,1564250270.494346
https://www.leboncoin.fr/ventes_immobilieres/1644862110.htm/,1564250293.12023
https://www.leboncoin.fr/ventes_immobilieres/1650177407.htm/,1564250307.35902
https://www.leboncoin.fr/ventes_immobilieres/1567978728.htm/,1564250308.767662
https://www.leboncoin.fr/ventes_immobilieres/1624866291.htm/,1564250311.639673
https://www.leboncoin.fr/ventes_immobilieres/1651160042.htm/,1564250312.594627
https://www.leboncoin.fr/ventes_immobilieres/1624050645.htm/,1564250350.894967
https://www.leboncoin.fr/ventes_immobilieres/1650310415.htm/,1564250351.206491
https://www.leboncoin.fr/ventes_immobilieres/1650769685.htm/,1564250352.865608
https://www.leboncoin.fr/ventes_immobilieres/1651221608.htm/,1564250354.768133
https://www.leboncoin.fr/ventes_immobilieres/1595730362.htm/,1564250355.577914
https://www.leboncoin.fr/ventes_immobilieres/1651253881.htm/,1564250356.549286
https://www.leboncoin.fr/ventes_immobilieres/1651253496.htm/,1564250357.860534
https://www.leboncoin.fr/ventes_immobilieres/1651221953.htm/,1564250359.156665
https://www.leboncoin.fr/ventes_immobilieres/1651107722.htm/,1564250360.650717
https://www.leboncoin.fr/ventes_immobilieres/1651253952.htm/,1564250361.288054
https://www.leboncoin.fr/ventes_immobilieres/1651347149.htm/,1564250362.469359
https://www.leboncoin.fr/ventes_immobilieres/1651347062.htm/,1564250365.971667
https://www.leboncoin.fr/ventes_immobilieres/1631890073.htm/,1564250390.990736
https://www.leboncoin.fr/ventes_immobilieres/1650402134.htm/,1564250429.471444
https://www.leboncoin.fr/ventes_immobilieres/1650824550.htm/,1564250432.754908
https://www.leboncoin.fr/ventes_immobilieres/1650302220.htm/,1564250480.382966
https://www.leboncoin.fr/ventes_immobilieres/1650274286.htm/,1564250481.575222
https://www.leboncoin.fr/ventes_immobilieres/1650859365.htm/,1564250482.547168
https://www.leboncoin.fr/ventes_immobilieres/1594461378.htm/,1564250558.690429
https://www.leboncoin.fr/ventes_immobilieres/1650426974.htm/,1564250558.845244
https://www.leboncoin.fr/ventes_immobilieres/1595215227.htm/,1564250562.101305
https://www.leboncoin.fr/ventes_immobilieres/1595250911.htm/,1564250563.16279
https://www.leboncoin.fr/ventes_immobilieres/1634211018.htm/,1564250570.68732
https://www.leboncoin.fr/ventes_immobilieres/1650489297.htm/,1564250617.647218
https://www.leboncoin.fr/ventes_immobilieres/1650489185.htm/,1564250619.221522
https://www.leboncoin.fr/ventes_immobilieres/1568187217.htm/,1564250620.277523
https://www.leboncoin.fr/ventes_immobilieres/1650885728.htm/,1564250621.020711
https://www.leboncoin.fr/ventes_immobilieres/1643942814.htm/,1564252850.588246
https://www.leboncoin.fr/ventes_immobilieres/1649881690.htm/,1564252851.502685
https://www.leboncoin.fr/ventes_immobilieres/1589183480.htm/,1564252852.919689
https://www.leboncoin.fr/ventes_immobilieres/1650068060.htm/,1564252854.2129
https://www.leboncoin.fr/ventes_immobilieres/1650254932.htm/,1564252855.822787
https://www.leboncoin.fr/ventes_immobilieres/1650253895.htm/,1564252856.446405
https://www.leboncoin.fr/ventes_immobilieres/1650255113.htm/,1564252857.709473
https://www.leboncoin.fr/ventes_immobilieres/1561659201.htm/,1564252858.81011
https://www.leboncoin.fr/ventes_immobilieres/1633713056.htm/,1564252860.104223
https://www.leboncoin.fr/ventes_immobilieres/1620583630.htm/,1564252861.923078
https://www.leboncoin.fr/ventes_immobilieres/1627893094.htm/,1564252863.204611
https://www.leboncoin.fr/ventes_immobilieres/1650592637.htm/,1564252863.925248
https://www.leboncoin.fr/ventes_immobilieres/1650592638.htm/,1564252864.923932
https://www.leboncoin.fr/ventes_immobilieres/1650687919.htm/,1564252865.928103
https://www.leboncoin.fr/ventes_immobilieres/1650784004.htm/,1564252867.504366
https://www.leboncoin.fr/ventes_immobilieres/1631657924.htm/,1564252868.322121
https://www.leboncoin.fr/ventes_immobilieres/1644015394.htm/,1564252869.320757
https://www.leboncoin.fr/ventes_immobilieres/1511731970.htm/,1564252870.837242
https://www.leboncoin.fr/ventes_immobilieres/1561506680.htm/,1564252872.276121
https://www.leboncoin.fr/ventes_immobilieres/1544306393.htm/,1564252872.75417
https://www.leboncoin.fr/ventes_immobilieres/1599178466.htm/,1564252874.107614
https://www.leboncoin.fr/ventes_immobilieres/1412057796.htm/,1564252875.160418
https://www.leboncoin.fr/ventes_immobilieres/1637811591.htm/,1564252876.629657
https://www.leboncoin.fr/ventes_immobilieres/1412057583.htm/,1564252877.67758
https://www.leboncoin.fr/ventes_immobilieres/1392890304.htm/,1564252878.681849
https://www.leboncoin.fr/ventes_immobilieres/1502041984.htm/,1564252880.049182
https://www.leboncoin.fr/ventes_immobilieres/1631571387.htm/,1564252880.822759
https://www.leboncoin.fr/ventes_immobilieres/1651189989.htm/,1564252882.234888
https://www.leboncoin.fr/ventes_immobilieres/1651522118.htm/,1564252883.342295
https://www.leboncoin.fr/ventes_immobilieres/1651521863.htm/,1564252884.833143
https://www.leboncoin.fr/ventes_immobilieres/1651420022.htm/,1564252886.318401
https://www.leboncoin.fr/ventes_immobilieres/1651522488.htm/,1564252887.692059
https://www.leboncoin.fr/ventes_immobilieres/1651522325.htm/,1564252888.588478
https://www.leboncoin.fr/ventes_immobilieres/1637136952.htm/,1564252889.641894
https://www.leboncoin.fr/ventes_immobilieres/1651522419.htm/,1564252890.912332
https://www.leboncoin.fr/ventes_immobilieres/1651522443.htm/,1564252891.936824
